{
    "real": [
        [
            0.006784072145819664
        ],
        [
            0.41714978218078613
        ],
        [
            0.9684057831764221
        ],
        [
            0.19436973333358765
        ],
        [
            0.06783945858478546
        ],
        [
            0.4257945120334625
        ],
        [
            0.6634388566017151
        ],
        [
            0.9205213785171509
        ],
        [
            0.6546750664710999
        ],
        [
            0.38391047716140747
        ]
    ],
    "imag": [
        [
            0.1728043258190155
        ],
        [
            0.7512657046318054
        ],
        [
            0.7508426308631897
        ],
        [
            0.42420095205307007
        ],
        [
            0.059582144021987915
        ],
        [
            0.22953543066978455
        ],
        [
            0.2617698311805725
        ],
        [
            0.5588131546974182
        ],
        [
            0.25704994797706604
        ],
        [
            0.13515132665634155
        ]
    ],
    "timestamp": "20250127_173814",
    "fidelity": 1.0416005974852116,
    "loss": 15.023239135742188
}