{
    "real": [
        [
            0.1167883649468422
        ],
        [
            0.44847947359085083
        ],
        [
            0.5544075965881348
        ],
        [
            0.8774166107177734
        ],
        [
            0.8744709491729736
        ],
        [
            0.2803860008716583
        ],
        [
            0.6947329044342041
        ],
        [
            0.8094313740730286
        ],
        [
            0.40262266993522644
        ],
        [
            0.04227207973599434
        ]
    ],
    "imag": [
        [
            0.1443140208721161
        ],
        [
            0.10083338618278503
        ],
        [
            0.6132264733314514
        ],
        [
            0.21499761939048767
        ],
        [
            0.3381854295730591
        ],
        [
            0.9166160821914673
        ],
        [
            0.16572754085063934
        ],
        [
            0.04440297186374664
        ],
        [
            0.2993852198123932
        ],
        [
            0.7967848777770996
        ]
    ],
    "timestamp": "20250127_171144",
    "fidelity": 1.1196852160010822,
    "loss": 1.6560910940170288
}