{
    "real": [
        [
            0.023749947547912598
        ],
        [
            0.4534292221069336
        ],
        [
            0.7338818311691284
        ],
        [
            0.19763465225696564
        ],
        [
            0.5150263905525208
        ],
        [
            0.6382036805152893
        ],
        [
            0.8987436890602112
        ],
        [
            0.12098169326782227
        ],
        [
            0.35589221119880676
        ],
        [
            0.18975575268268585
        ]
    ],
    "imag": [
        [
            0.25813886523246765
        ],
        [
            0.8169764280319214
        ],
        [
            0.5108470320701599
        ],
        [
            0.877649188041687
        ],
        [
            0.08644002676010132
        ],
        [
            0.21773596107959747
        ],
        [
            0.3325745463371277
        ],
        [
            0.15452757477760315
        ],
        [
            0.27312010526657104
        ],
        [
            0.5996260643005371
        ]
    ],
    "timestamp": "20250127_170016",
    "fidelity": 1.0799297671661374,
    "loss": 1.5939384698867798
}