{
    "real": [
        [
            0.024483472108840942
        ],
        [
            0.45381850004196167
        ],
        [
            0.7339134216308594
        ],
        [
            0.1977747231721878
        ],
        [
            0.5151715874671936
        ],
        [
            0.6382913589477539
        ],
        [
            0.898796021938324
        ],
        [
            0.12101084738969803
        ],
        [
            0.35591307282447815
        ],
        [
            0.18981631100177765
        ]
    ],
    "imag": [
        [
            0.29350653290748596
        ],
        [
            0.8171722888946533
        ],
        [
            0.5084435939788818
        ],
        [
            0.8791027665138245
        ],
        [
            0.08582772314548492
        ],
        [
            0.2195211946964264
        ],
        [
            0.3325805068016052
        ],
        [
            0.1553928107023239
        ],
        [
            0.27382588386535645
        ],
        [
            0.5999537110328674
        ]
    ],
    "timestamp": "20250127_165507",
    "fidelity": 1.0601746694266923,
    "loss": 1.5587654113769531
}